RefSig.InD1	RefSig.InD2a	RefSig.InD2b	RefSig.InD3a	RefSig.InD3b	RefSig.InD4a	RefSig.InD4b	RefSig.InD5	RefSig.InD6	RefSig.InD7	RefSig.InD8	RefSig.InD9a	RefSig.InD9b	RefSig.InD9c	RefSig.InD10	RefSig.InD11	RefSig.InD12	RefSig.InD13	RefSig.InD14	RefSig.InD15	RefSig.InD16a	RefSig.InD16b	RefSig.InD18	RefSig.InD19	RefSig.InD20	RefSig.InD21	RefSig.InD23	RefSig.InD24	RefSig.InD26	RefSig.InD27	RefSig.InD28	RefSig.InD28m	RefSig.InD29	RefSig.InD30	RefSig.InD31	RefSig.InD32	RefSig.InD33
A[Ins(C):R0]A	0.002331876771	0.00149385132	0.0007660263168	9.44e-06	0.01405799715	0.001045790923	6.97e-05	0.0009162868525	0.0006232129708	9.31e-05	7.28e-05	0.001368175875	0.0003220630766	0.002146159079	0.0033599632	1.28e-07	0.2167949226	0.004518954118	0.009138676529	0.02462300004	0.0001182684661	0.0001315080513	3.31e-07	0.004503625914	0.02459370039	0.0005218165754	1.99e-06	0.0004875000142	0.0001908812218	0.0006878873612	0.0007044764329	0.0003885050464	0.005588721972	0	0.0007399895802	0.002321981424	0.0009329071109
A[Ins(C):R0]T	0.0007274442379	0.0003467327565	4.65e-05	0.0002919478585	0.0054641047	0.0002376238699	1.01e-203	0.000243232725	0.0003785763453	6.04e-05	3.11e-05	0.002610078018	0.0001043670978	0.001007944619	0.0001561849886	8.34e-06	0.1242077173	0.0005157227856	0.001365165929	8.47e-05	3.02e-05	0.0001293432041	6.98e-15	6.95e-05	0.001018379365	5.92e-05	6.67e-05	1.48e-20	3.11e-43	6.88e-13	0.0004458266485	6.23e-61	0.0008448352847	0	5.15e-07	0	0
Ins(C):R(0,3)	0.00843839961	0.001882678726	0.006783305324	0.01614885098	0.02512940519	0.01162711277	0.008225772543	0.05454533097	0.004212052713	0.001782863392	0.007695055534	0.02920987932	0.01853626603	0.009515838069	0.05135789513	0.01801591951	0.05164116918	0.02542401604	0.007927459021	0.006253817056	0.0005706805858	0.001186554394	0.007949605241	0.007490567252	0.005562323507	0.004349659961	0.03900520787	0.0389926769	0.02886300103	0.01015025954	0.01874634529	0.01949220369	0.02099464281	0.2555247989	0.03136888037	0.006965944272	0.01206715272
Ins(C):R(4,6)	0.004093085566	0.003731302523	0.003945162922	0.009581146109	0.01082514459	0.003970630456	0.0002965560479	0.01222572195	0.0006623611334	0.01066984275	0.00274804187	0.00105772084	0.001020153516	7.79e-05	0.0108620853	0.01310400176	0.002072868304	0.005155342431	0.02123611667	0.007191024765	0.005945965916	0.01499301879	0.0001959440634	0.01865150641	0.003166784651	0.01409635457	0.003744393673	0.004249373778	0.2927942322	0.002820083962	0.003802094802	0.006227896025	0.00418031082	0.579642855	0.005714433986	0.004643962848	0.0502231328
Ins(C):R(7,9)	0.02233164302	0.00555704406	0.01095080742	0.0008395541908	0.001338562049	0.003341691372	0.0007541722046	0.003763012166	0.001177863375	0.008801306176	0.002480680514	0.001282522758	0.001941291037	3.23e-05	0.001369676236	0.0104207117	0.00340486232	0.002662438738	0.005657969641	0.0002559169322	0.005275321649	0.007456927169	0.0004393650325	0.02862567854	2.25e-51	0.01538986094	0.002169572167	0.002601483331	0.02653994242	0.004264806066	0.001352992945	3.3e-05	0.001953268549	0.007605910584	0.004042585908	0.006965944272	0.04536969678
A[Ins(T):R(0,4)]A	0.01287294293	0.003973270635	0.003941848361	0.003658471314	0.01148220481	0.006317232573	0.007922886909	0.008669078553	0.004082394911	0.001785153988	0.005703232591	0.01089902646	0.01785387748	0.006653288477	0.02308066245	0.0163251561	0.04178402096	0.02077451135	0.027587483	0.01085899723	0.001520712513	0.005900058739	0.007993364724	0.008023962698	0.01558463855	0.004646670748	0.02690104455	0.002645098918	0.008564094671	0.0104335691	0.02717872016	0.01550250871	0.02191379315	0.001656527937	0.01327172641	0.0100619195	0.005005416094
A[Ins(T):R(0,4)]C	0.002062359301	0.0007534999821	0.00135684998	0.001503708436	0.005897861644	0.003741300547	0.001694874419	0.008236376007	0.0008096171258	0.002113526183	0.00143173374	0.01419740197	0.004812915393	0.003151196935	0.004535928438	0.01044432754	0.004477939865	0.01309843525	0.02365271724	0.004616804931	0.001021656695	0.004246594153	0.007551224386	0.001804765518	0.005128795223	0.002679415308	0.008622217192	0.002420383654	0.00246353611	0.002858666564	0.003796812344	0.00127003586	0.00856262142	0.001976202918	0.003580545803	0.004643962848	0.007098558952
A[Ins(T):R(0,4)]G	0.002832211305	0.001039215301	0.0004230297005	0.0234426123	0.05755012307	0.0007464226016	0.004417937116	0.005762239987	0.002621229821	0.002514352338	0.002515677281	0.008589692572	0.00763193165	0.003920716735	0.01230769356	0.01199159775	0.006936110266	0.004396046977	0.0448739212	0.01062917556	0.001664586548	0.007256235514	0.00340901214	0.004085560321	0.01454965732	0.006859972766	0.009875154581	0.01520819307	0.003148349157	0.003886825416	0.004176049019	0.004392375741	0.01177904357	0.0005611672278	0.004467435785	0.01393188854	0.005473870802
C[Ins(T):R(0,4)]A	0.002255958159	0.0006508616774	0.002121694884	0.001393451539	0.008432163116	0.002882621251	0.01229914412	0.01074276356	0.002515023562	0.001174796604	0.004684950307	0.009195193678	0.008357847363	0.0009965363055	0.006643085999	0.008635161871	0.001399592516	0.008587458389	0.006513383855	0.01581884279	0.001793057102	0.007612561943	0.001497201968	0.002261627018	0.01910760612	0.001164023032	0.009795814182	0.00508136807	0.004357975355	0.002535448609	0.006210408541	0.004663498299	0.01031796795	0.0003735608563	0.02282745424	0.002321981424	0.003030730308
C[Ins(T):R(0,4)]C	0.001942870386	0.0006287866327	0.005979021805	0.002603288517	0.005938809483	0.003226180246	0.000164060089	0.005874136656	0.002214215762	0.002241834995	0.002702493076	0.0147881231	0.004733998225	0.0003709686121	0.006352134522	0.009332765632	0.00291406548	0.02432813223	0.01103009517	0.01816320503	0.001917841138	0.008671225958	0.0005074535231	0.002567249323	0.01482513225	0.002956080214	0.002783473862	0.002053515226	0.002463029964	0.004802439249	0.01046528389	0.009137403242	0.01478349973	0.003004815001	0.001954522883	0.003095975232	0.00988356718
C[Ins(T):R(0,4)]G	0.001846009705	0.0008805370777	0.0008759199177	0.02360802181	0.06019766315	0.00145057138	0.0001256850426	0.006265753097	0.0009930180251	0.002277920501	0.002893255177	0.005011394938	0.007076841889	0.002623149935	0.0150243732	0.005660256229	0.002952045808	0.004481712581	0.0149983235	0.01085518981	0.00182682734	0.007028346802	0.0007917801277	0.004481308615	0.01105074295	0.003788249105	0.007042782876	0.0139112673	0.002672310293	0.001424037813	0.005710535312	0.004589628424	0.006835510016	0.0004904246176	0.005658195319	0.007739938081	0.008617591135
G[Ins(T):R(0,4)]A	0.0006280078697	0.00019909406	0.003455506015	0.0009142865782	0.009181744888	0.002876100189	0.004406110032	0.006639115014	0.001063785138	0.0004494349888	0.004787173688	0.000559948298	0.01271231387	0.00272995071	0.03926230131	0.01187818763	0.005863424448	0.005847844985	0.003205724824	0.00235023926	3.24e-05	0.0006156669598	0.000834964453	0.0004312398102	0.001656815835	0.000341012471	0.004402528013	0.001855432842	0.001295176349	0.003537697077	0.004362633726	0.007023144874	0.01154600943	0.00143817552	0.009482290985	0.05959752322	0.002621486158
G[Ins(T):R(0,4)]C	0.0006143950071	0.0002101014828	0.001452448003	0.0003542612129	0.007751319886	0.001715717303	0.0002513804282	0.005144818336	0.001183000699	0.000643628449	0.002153498988	0.005610350944	0.00605412669	0.002850222126	0.01471482263	0.003847398986	0.001308370476	0.004942713915	0.00327475697	0.001183357605	0.0001540903355	0.0008137339762	0.000270139289	0.0004742529956	0.0005916836374	0.0006160160689	0.002218191743	0.001053837324	0.001833415198	0.001613922183	0.003991977317	0.004289295083	0.004338453488	0.002018165179	0.001266551458	0.05417956656	0.006907647325
G[Ins(T):R(0,4)]G	0.002781252287	0.0005083779496	0.002138485934	0.0160927194	0.05528588414	0.00194335124	0.003655376818	0.005102286094	0.0008368477952	0.00136999446	0.003189648129	0.008626605749	0.005903943668	0.003381526061	0.01623525276	0.007895736405	0.001924523092	0.00416999475	0.01379292838	0.003786475137	0.0004782576372	0.001638683135	0.0006868521257	0.004823621819	0.00203682636	0.002930921722	0.005400184462	0.005298837121	0.003112333282	0.008415311039	0.02113609226	0.01207595509	0.005554760781	0.003240470278	0.005173218029	0.0866873065	0.003158522438
A[Ins(T):R(5,7)]A	0.03821213159	0.00944039255	0.008088112405	0.00414620761	0.006098558789	0.004324663543	0.007906696153	0.002831519756	0.005004175248	0.01278492401	0.001641505973	0.0003449570909	0.01004195583	0.005584011983	0.01559870266	0.081981459	0.008101781983	0.006937322431	0.07866516268	0.1098336476	0.02103391455	0.05974700978	0.006380824173	0.03637013924	0.04682817039	0.03105696961	0.01219360435	0.005364699769	0.02694590772	0.001472155371	0.00600256524	8.74e-09	0.004212069096	0.001122334456	0.01213045835	0.0193498452	0.04080948541
A[Ins(T):R(5,7)]C	0.04528932717	0.006862233636	0.007202890057	0.001256708848	0.004600366936	0.004510539156	0.002003959963	0.008613592459	0.004086992602	0.0101776776	0.002137541332	0.01305523269	0.007626364496	0.007635892602	0.002923942836	0.0975754599	0.009098162186	0.01032521609	0.08535877913	0.08347790067	0.01193594237	0.04222013297	0.005563149653	0.03590644105	0.03290986214	0.04097465373	0.005705686288	0.01460284251	0.02859755444	0.001442070324	0.006362722488	0.006529981778	0.002689540406	0.0007482229704	0.008836936744	0.008513931889	0.03794464158
A[Ins(T):R(5,7)]G	0.03112416529	0.006684329576	0.007532219345	0.006700972276	0.005534843267	0.002065155367	0.001902840511	0.0004147304269	0.0036155953	0.01111231767	0.000975518464	0.002624856444	0.0009529561928	0.002602071414	0.04676750316	0.06748017254	0.01244600457	0.005084913607	0.07666028846	0.03007101353	0.008545763931	0.02578152477	0.003241069783	0.02497941002	0.01285041538	0.05066184692	0.00168215057	0.007881852543	0.01643400848	0.001499599742	0.003238439722	0.003427558962	0.004301992119	0.0003741114852	0.00268912498	0.01083591331	0.03130575355
C[Ins(T):R(5,7)]A	0.01836453206	0.005595076422	0.004570736595	0.001516763486	0.003280281507	0.0030775573	0.004871049891	0.003529938469	0.0006541321163	0.005892899707	0.001196375183	0.001825325902	0.001994979673	0.002099556317	0.003036324407	0.04067787985	0.00657262993	0.003719320964	0.02966981033	0.07393616636	0.006236270015	0.02937630527	0.0005076291377	0.01651073083	0.03592452723	0.01482176412	0.007435875855	0.003269774156	0.00936615884	0.001980566775	0.004481066507	0.00388248435	0.001594991628	0.0005171741531	0.002226479344	0.006191950464	0.0183274254
C[Ins(T):R(5,7)]C	0.02361087903	0.003535173843	0.004466765014	0.001266265637	0.00403669478	0.00201356026	0.003414703438	0.002921233606	0.002424096351	0.006231338561	0.002099050107	0.005788117124	0.002937332316	0.002317286027	0.002418323942	0.052273323	0.005616158537	0.004477800747	0.04652427369	0.06873415836	0.004074574253	0.02362617291	0.002722516222	0.01749428757	0.02806734315	0.02760750018	0.00787281349	0.01050090315	0.01478293913	0.002960452903	0.005599449787	0.003960980971	0.00228397734	0.0007482229704	4.61e-23	0.005417956656	0.02314042603
C[Ins(T):R(5,7)]G	0.02114465627	0.003401636018	0.005864786015	0.003618436961	0.004906167966	0.002016650929	0.00236368774	0.001476486329	0.002021436799	0.007025590969	0.001312219652	0.002389273112	0.001433622419	0.0004916173341	0.007626762948	0.04118305843	0.00362421515	0.00217803304	0.03517399763	0.02656949514	0.004826093808	0.01594235354	0.001138185128	0.01763322239	0.009712315894	0.03141505945	0.002997029279	0.008622465114	0.008832259404	0.001772069126	0.003529838694	0.001785921771	0.002381358275	0.0005611672278	0.005383981037	0.004643962848	0.02042458255
G[Ins(T):R(5,7)]A	0.01689297568	0.004566633176	0.006201655782	0.0005204751203	0.002448512141	0.001535316014	0.001848112661	0.003704753292	0.0007962117965	0.006965690613	0.001940814631	0.001346814495	0.00323052636	0.003645203375	0.004148492164	0.03621910086	0.007583853195	0.00168327453	0.02281086967	0.05101653762	0.008574274965	0.02476559238	0.002101757195	0.02052917699	0.02048989446	0.01676085283	0.006938383744	0.004250325814	0.01483887705	0.001013345019	0.003590859078	0.001939884313	0.003818481454	0.0001870557426	0.003710168792	0.01083591331	0.04856177133
G[Ins(T):R(5,7)]C	0.02360214247	0.001613472041	0.00893814184	0.00056819752	3.83e-05	0.003221634903	0.001897939536	0.002471543293	0.001389222494	0.007238256449	0.00131055999	0.005588793759	0.002108171994	0.003911504497	0.004461668174	0.04093365513	0.003786346952	0.003610015475	0.03760015376	0.0499371587	0.007165590561	0.02222029053	0.0006404240785	0.02285399422	0.0187735541	0.02671604987	0.006012384472	0.005412954665	0.008839592814	0.001080561254	0.004868186773	0.001383457341	0.003854305439	0	0.003333300741	0.009287925697	0.063274266
G[Ins(T):R(5,7)]G	0.02109262926	0.003101604491	0.00706264586	0.003237537949	0.004310396158	0.00129705927	0.001964428096	0.003258827015	0.001334286532	0.009925254126	0.0009063004619	0.003378587801	0.0007665759544	0.002855161475	0.01470113366	0.03683024605	0.00714423223	0.003957392197	0.03557597211	0.02090227003	0.00705722528	0.01743849234	0.001330719851	0.02488968271	0.005744143713	0.03961332283	0.004601489668	0.0006870121304	0.008922803898	0.002055591411	0.006791098257	0.003390553707	0.001894410987	0.0001870557426	0.005516065808	0.01315789474	0.06326998476
A[Ins(T):R(8,9)]A	0.07377782168	0.004225730151	0.006606760096	0.0007489037606	0.004902326695	0.006156540701	0.008584908723	0.002397557901	0.0027436702	0.009424487891	0.002903539588	0.002678575815	0.01188739266	0.01162655716	0.003567445547	0.01697005747	0.01288643768	0.003939568862	0.03398068403	0.03896600738	0.01068500727	0.01851033169	0.004952515905	0.04177930142	0.01815786419	0.02911289194	0.009706136773	0.00617848164	0.02007027933	0.03107850762	0.004662024175	0.004360902935	0.002507651292	0.001122334456	0.006037786077	0.02167182663	0.009806682006
A[Ins(T):R(8,9)]C	0.07482959528	0.003469652094	0.004519015849	0.001733715175	0.003539277455	0.005887338284	0.002440595718	0.005624701756	0.003588178958	0.008939005668	0.002928083148	0.001639445006	0.01310423363	0.01248777541	0.0007829057709	0.01511812274	0.01148306592	0.004141345302	0.03925831831	0.05001493603	0.01361023306	0.02325172467	0.00466541673	0.04388893256	0.02401822363	0.03421142458	0.006395132123	0.002867957054	0.008789657454	0.07454018435	0.01086834626	0.01023445109	0.005455545965	0.0007482229704	0.00606028566	0.01470588235	0.008650091209
A[Ins(T):R(8,9)]G	0.05258333909	0.002063494364	0.005801662247	0.0007419035551	0.005426108888	0.003035759885	0.00915494169	0.0008347762556	0.001965791547	0.00536094078	0.0013284302	0.0009733604643	0.00406351124	0.003912097165	0.01477622341	0.007247809805	0.008356255862	0.002287818317	0.01914624317	0.01044157551	0.005933559765	0.0083810371	0.001900147188	0.02520394103	0.005186155097	0.02462366435	0.001439067024	0.001374665822	0.009760571554	0.01120131393	0.001619871328	1.27e-54	0.002791342552	0.001122334472	0.01186138433	0.007739938081	0.005171529946
C[Ins(T):R(8,9)]A	0.03889504382	0.002488965361	0.005869303381	0.0006327286187	0.003440287539	0.0024841663	0.004729384289	0.001053760988	0.002175683974	0.005606392594	0.0006110911112	0.000764608254	0.004856905778	0.00466046016	0.002581948272	0.008980907184	0.005119785132	0.002093787534	0.01427947027	0.01783263056	0.006174365035	0.01041335869	0.001222438648	0.02455066967	0.006527932024	0.01670914681	0.002478682063	0.004988974491	0.007890981602	0.02149290653	0.003127492403	0.003400637555	0.0007674069101	1.16e-17	0.002358628502	0.007739938081	0.006146282936
C[Ins(T):R(8,9)]C	0.04603474252	0.002087557626	0.005645462807	0.001130636682	0.001060160844	0.003622449714	0.004012888676	0.001390002421	0.001629968102	0.006570792232	0.001241756845	0.0009978040845	0.006179061558	0.005672338626	0.002048778819	0.008184977609	0.005573028732	0.001639323258	0.0204511689	0.03337789781	0.01191361855	0.01955824083	0.001897163937	0.02853859318	0.01177131337	0.02515487203	0.00181337975	0.004684042794	0.013439508	0.05254339179	0.005458148461	0.005820096572	0.002540656202	0.0005611672278	0.009840458262	0.008513931889	0.005963450206
C[Ins(T):R(8,9)]G	0.03803085887	0.002563265513	0.005734400562	0.00109428667	0.002200819952	0.001879307913	0.002246286081	0.0003328451357	0.000843470146	0.004660524924	0.001008624155	0.001610370973	0.001882882973	0.002750977664	0.0141957426	0.004727471234	0.005111740824	0.001802287835	0.01154033745	0.006299128721	0.005766938804	0.008535705612	0.0003330059316	0.0214781377	0.002038252398	0.01963998137	0.002042374672	0.0008322278615	0.008991574178	0.01146856101	0.0008782042252	0.0002403423933	0.00266345233	0.0003741114852	0.003011665723	0.005417956656	0.006549019337
G[Ins(T):R(8,9)]A	0.04031807602	0.002113712261	0.00248620244	0.0005456252496	0.001833104048	0.002789942805	0.004238847433	0.001844319829	0.001102967864	0.006464231122	0.001889884187	0.002205044389	0.007778558189	0.01072588751	0.001662720201	0.008638132917	0.006692146474	0.002917865999	0.01431349294	0.01646725734	0.00618773537	0.008974802617	0.001512602612	0.03152517362	0.006267673621	0.01846377427	0.007907775025	0.004926772063	0.007905619724	0.05457594103	0.00663480974	0.004988621713	0.001856259174	0.0003741114852	0.006587745305	0.005417956656	0.008545937834
G[Ins(T):R(8,9)]C	0.04212203544	0.002050065481	0.00483442179	0.002158764994	0.001532698264	0.002394071491	0.005041584815	0.002118695896	0.002025624537	0.006333315837	0.0006430453559	0.0008713707047	0.008082114656	0.008696498296	0.00280686764	0.006209650159	0.004803897867	0.003622290206	0.01595294603	0.02262591137	0.008177773235	0.01141749557	0.002050035831	0.02924969686	0.009296808119	0.02114754452	0.005211799371	0.002301630536	0.006243879412	0.1256994833	0.01419977558	0.00941804303	0.003432677649	0.0005611672278	0.007471565416	0.01238390093	0.007992714173
G[Ins(T):R(8,9)]G	0.03760195375	0.003257587877	0.005350157735	0.0003290956641	0.003311135651	0.001058829332	0.0002558532345	0.001075487573	0.001043518185	0.004606882312	0.001379103243	0.004631230602	0.001106633405	0.002312217977	0.009925771137	0.005100423395	0.005188243302	0.002762110124	0.009299818828	0.005531205774	0.004806545097	0.005825293079	0.001621531648	0.02348456749	0.001443634504	0.01870743042	0.002757768934	0.001506849475	0.008422089173	0.02701632034	0.004234680745	0.004738066813	0.001334359656	0.0003741114852	0.003678405951	0.007739938081	0.009237086027
Ins(2,4):R0	0.01348078447	0.002617944617	0.01426604489	0.003672687951	0.003751517408	0.00556029701	0.002394813484	0.008872202729	0.005691801699	0.003295354581	0.003077750468	0.02523802833	0.002618660935	0.004146961679	0.08541398269	0.001688874237	0.0460148762	0.01965533556	0.007861163655	0.01481046652	0.001901532698	0.001761364948	5.67e-05	0.0201273688	0.01383947252	0.008432031515	0.004868229096	0.00349709092	0.004697646345	0.007417576526	0.01670163908	0.02258405753	0.01505019799	0.001854609047	0.013095075	0.006965944272	0.007204220612
Ins(5,):R0	0.00705279686	0.005676047044	0.01053712645	0.0007799019048	0.001000097829	0.01046229562	0.003656644438	0.02217711848	0.01843307631	0.002715542484	0.003465378846	0.01261284832	0.008830284874	0.01075702864	0.07761477269	0.01663831831	0.007923017192	0.01804365115	0.002695464592	0.005013973886	0.0009703769493	0.001565857251	0.003116261896	0.01207714819	0.005949289236	0.004169893819	0.04438370106	0.006915843786	0.01237575947	0.03045142998	0.0684994604	0.03251993088	0.01058540137	0.004633162652	0.01386921497	0.01160990712	0.02720551744
Ins(2,4):R1	0.007313864546	0.001017878903	0.004247114008	0.0007107740882	0.004433112722	0.01083910255	0.008847564906	0.01183010921	0.001314072358	4.13e-05	0.005491516998	0.00826311409	0.01045136743	0.002652217738	0.01506621741	0.002932816476	0.003919396601	0.01217144794	0.001312825633	0.001290655656	4.94e-05	4.08e-129	0.004114194046	0.006205139488	0.001067211015	0.0006258625148	0.04829122299	0.0001232173205	0.006531289025	0.003006233894	0.004929028005	0.002461537655	0.01097486299	0.0009191024052	0.004540579162	0.002321981424	0.002978723523
Ins(5,):R1	0.004251850705	0.003537244473	0.005404125107	0.0003693134683	0.00186256091	0.01214408115	0.0001439609034	0.01453645529	0.006342606753	0.000204673238	0.01747058321	0.0003049706993	0.001300665812	0.01045356456	0.01838707718	0.01541691128	0.008105003379	0.01327252734	0.00218587622	0.00119051457	4.64e-242	2.78e-26	0.0003983410449	0.002294528396	0.000677592083	0.000237679557	0.3255298298	0.002815386714	0.004650347538	0.006824780388	0.01196080192	0.005724504655	0.01387912338	0.001982516368	0.001096610394	0.006965944272	0.007190532281
Ins(2,):R(2,4)	0.009437346371	0.002184133363	0.009714936496	0.001683021578	0.007511154683	0.008430367606	0.006421966598	0.02110407956	0.004766882446	0.003048887513	0.0049501008	0.01339839222	0.008930299252	0.0003614504666	0.02066636833	0.006628586269	0.005093287189	0.005578290042	0.002386889224	0.003042080139	0.00122970962	0.002342009403	0.008690356745	0.01467194396	0.003140240219	0.00179726637	0.02298665866	0.005844803358	0.009900386768	0.006594573666	0.01024334712	0.01376002966	0.01456410303	0.001526706089	0.006017815853	0.00773993808	0.003725994292
Ins(2,):R(5,9)	0.04694665521	0.01102457079	0.01719575712	0.0001827438751	0.004600424067	0.01159696854	0.00814454226	0.006573160158	0.005313334699	0.02254624257	0.002154207718	0.01713093749	0.007416993521	0.002729993754	0.02326652038	0.003330271699	0.0134203005	0.01629086518	0.008211186068	0.01244044201	0.01025128233	0.01198069089	0.0001465106	0.1021203752	0.003873381177	0.01373790585	0.0109066383	0.01638898054	0.01029586354	0.006968599833	0.01514647929	0.01415707431	0.001833543788	0.001806870716	0.001532153956	0.02321981424	0.007510175287
[Del(C):R1]A	0.003603520924	0.001665308024	0.00435634039	0.01911805145	0.03923079673	0.008036129129	0.01987893376	0.005241626044	0.005171942256	0.001496879158	0.005842600081	0.1608801588	0.03238958884	0.05509470818	0.0297492658	0.0004940760797	0.01231406886	0.01904028821	0.005813382671	0.0009666788615	0.0007003519126	0.000336760722	8.19e-05	0.005513666168	0.002162295396	0.000801931547	0.001944434793	0.001057685838	0.003568744803	0.002351077028	0.000909216441	1.93e-22	0.03168083624	0.00249937627	0.01171054036	0.006965944272	8e-106
[Del(C):R1]T	0.002471439569	0.004639617129	0.02548824519	0.006387033111	0.02581175471	0.005120921015	0.02146016503	0.009256778364	0.02154541227	0.001160235843	0.004804509563	0.1767074653	0.07228323773	0.09404316036	0.005165668431	0.001296590948	0.01319831348	0.02912485061	0.00659229283	0.003318370267	0.0009821311234	2.16e-34	1.28e-05	0.00704028371	0.01057576557	0.001755042364	0.001288822628	0.004649728133	0.004221544769	0.002821536132	0.001770506056	4.7e-48	0.03114137019	0.005237560793	0.01816369333	0.01857585139	0.0871819864
[Del(C):R2]A	0.003132219707	0.0009794637491	0.00420996552	0.1243730462	0.09764946359	0.00573747754	0.00510151834	0.02976263404	0.006797178701	0.0005361459978	0.01681406857	0.02272681766	0.0330688918	0.01836267015	0.01607106358	0.008988956462	0.001902705673	0.01125706071	0.006844683933	0.005237973292	0.0006266079289	0.002699138432	0.001159199426	0.0005266614579	0.01360844472	0.0008567584611	0.006033364986	0.006633813943	0.007806983129	0.008319412406	0.01082508657	0.004793416858	0.0156277881	0.002361941313	0.01375533446	0.01238390093	0.004879853076
[Del(C):R2]T	0.0002390539723	0.003598232035	0.01020366303	0.0615723762	0.05690230416	0.00261727998	0.02008627974	0.03069759644	0.01144032533	0.0002940064645	0.01968660761	0.03446148233	0.04480948086	0.0408626265	0.0118773052	0.008320016067	0.00506158785	0.0200870389	0.006164015296	0.001379445811	0.0001462992066	0.0008152553899	0.001443493768	0.0002379975317	0.002559474436	0.001717293576	0.00158552299	0.00635082773	0.004673761508	0.004697830478	0.00796634851	0.003110283479	0.03108816214	0.004180182471	0.01618190451	0.01470588235	0.02835144705
[Del(C):R3]A	0.000402753618	0.0002545278334	0.002904494566	0.102255565	0.0786354647	0.0018169113	0.003695273464	0.005358382203	0.004589816475	0.0006946486699	0.00729406952	0.01552157439	0.01123568872	0.005435336311	0.009466158408	0.002781261792	0.002858992987	0.006542402919	0.004363405907	0.0007298502953	0.0006423216403	0.001332523631	4.76e-06	0.0001424721313	0.003879632474	0.001386813681	0.003210604772	0.00681557352	0.004545026557	0.003850000509	0.002098225072	0.0005494619545	0.006576516753	0.0009352787131	0.008855393202	0.004643962848	0.001630517787
[Del(C):R3]T	0.0008961106295	0.0004359564511	0.001361822657	0.04861419261	0.02906560604	0.001018237238	0.006393055659	0.005148134957	0.002773059433	0.0009473404915	0.008723674381	0.01287157978	0.01405527185	0.00833747104	0.003425840689	0.004221177854	0.0007629989786	0.006828391889	0.004313241733	0.0006633096612	0.000603502064	0.0007503050618	1.61e-05	0.0004490059631	0.001652239593	0.001901668516	0.003325289467	0.004177461289	0.01072032498	0.003116116725	0.002239438252	0.00131823947	0.0106147113	0.0009107736586	0.005954539805	0.006191950464	0.003578050078
[Del(C):R(4,5)]A	0.001316054968	0.003130313512	0.006744606705	0.08463729443	0.04210807524	0.00325277052	0.001626495371	0.007561400439	0.00391319093	0.009592870787	0.01025011957	0.006695852616	0.01651526887	0.002434138243	0.004335977537	0.005474177894	0.001538548417	0.00471170727	0.01110407106	0.001222928051	0.005253414503	0.005262840998	0.0003824990201	0.001441232912	0.004361792115	0.01024813744	0.009786850218	0.01422606787	0.005797919342	0.003797779487	0.00341389652	0.005225343263	0.01183296592	0.001122334456	0.003328589537	0.00773993808	0.004658177896
[Del(C):R(4,5)]T	0.001166991939	0.002485720693	0.005939878575	0.04654647869	0.01888520238	0.001260760033	0.003926655902	0.005512205536	0.002773251548	0.009163866675	0.007532391793	0.005413315978	0.0114566647	0.005428619955	0.001550851694	0.003323034567	0.000951921711	0.00420306362	0.007092233137	0.0007036482395	0.003693870334	0.003061887904	0.001031108955	0.001193734114	0.001072452243	0.007071469797	0.006937591315	0.009902664571	0.003081768785	0.002027369998	0.003565511422	8.47e-94	0.006778178791	0.001870557426	0.004349202525	0.006965944272	0.003471058465
[Del(C):R(1,5)]G	0.001928215289	0.0003872827818	0.003694943222	0.05784972209	0.02624669862	0.006367304944	0.02754386543	0.003116479894	0.002682394295	0.00368600996	0.004573048532	0.02131615017	0.01075714823	0.006769891009	0.007965534002	0.00655655774	0.001257623827	0.01039379104	0.004341778218	0.0007154860856	0.001546486053	0.0008903493213	0.0005870941749	0.0004265425045	0.001694662167	0.003197967367	0.002412401679	0.01237467225	0.009261642223	0.0007666527995	0.001942353225	3.09e-112	0.01204791777	0.001683501684	0.1115497081	0.001547987616	0.0005724784624
Del(C):R(6,9)	0.005543055685	0.01618675275	0.02231915841	0.03103345692	0.01239064492	0.007611711922	0.000264632046	0.005154091227	0.002451408672	0.04285175485	0.001738454793	0.007710197071	0.008574298496	0.01342799123	0.003713221203	0.009807213614	0.004665579699	0.002921297967	0.003542475212	0.001515629558	0.0242154582	0.01559301165	0.001743978788	0.009474100189	0.001022506135	0.01963014726	0.00602305639	0.0115621683	0.006717483127	0.0133063342	0.02007594886	0.01278948092	0.003575003196	0.0001870557426	0.008257505881	0.007739938081	0.03137341445
A[Del(T):R(1,4)]A	0.01403626133	0.005028885728	0.01518426406	0.01595779939	0.007215031517	0.01696181299	0.03892382223	0.1621251372	0.009599153196	0.004410146652	0.015099775	0.02428137033	0.03048151115	0.03457565158	0.01501674264	0.005394123031	0.009405337275	0.1946266587	0.01056680632	0.004904131663	0.01800415484	0.0219956595	0.3232893348	0.00560144798	0.05692717022	0.00691850131	0.02434195495	0.01477919492	0.01304069666	0.01016172067	0.024502426	0.01998287501	0.05348224824	0.008273737539	0.05878089906	0.03173374613	0.001153812515
A[Del(T):R(1,4)]C	0.004155915173	0.001160195098	0.004115094778	0.01050233795	0.003968006425	0.008460753419	0.01936449467	0.05037525298	0.003156611396	0.002362007607	0.01494074639	0.003643476901	0.007160960719	0.007259803082	0.007179322527	0.007283817596	0.005677257777	0.009794905869	0.008004851302	0.004752440057	0.006542826181	0.01059962229	0.2094984757	0.002065080229	0.04013975346	0.005332184573	0.008273056559	0.001262681961	0.002191927341	0.003043910521	0.003858284785	0.006840552165	0.02866486892	0.002972409347	0.01538158984	0.009287925696	0.004141968909
A[Del(T):R(1,4)]G	0.004911055385	0.001030080088	0.004073078378	0.01121195558	0.008714823287	0.009124892145	0.01988172936	0.06229172529	0.003946016536	0.002013913337	0.01292788671	0.01109360196	0.01752434977	0.02633001764	0.0009006074825	0.005370153888	0.004010576825	0.008142916134	0.005243534021	0.001487897785	0.005551359611	0.008055961605	0.1124606286	0.002083671511	0.02239668894	0.002825079953	0.00473650158	0.01443217588	0.005763624637	0.004788595543	0.004773248959	0.006030406279	0.0281852584	0.003234733031	0.02139696746	0.006191950464	1.06e-08
C[Del(T):R(1,4)]A	0.003061042469	0.00250379335	0.005112710223	0.0297894084	0.02728843439	0.007627180855	0.035561016	0.05126150453	0.006682828385	0.002453511163	0.01486148972	0.01679073316	0.03914125362	0.01637077307	0.007554941355	0.005698077005	0.009480630319	0.04385410158	0.004472378848	0.0001949930876	0.004763534712	0.00371180898	0.007772915304	0.0007852114806	0.003581038784	0.003416909894	0.02319114998	0.01711301472	0.01198082365	0.007259635242	0.01065505962	0.005701352514	0.02761730371	0.002580590778	0.06621371119	0.01393188854	0.002912372467
C[Del(T):R(1,4)]C	0.001951939825	0.00155178196	0.003933282844	0.01854600986	0.01123167191	0.003667079649	0.0244513245	0.02995946942	0.007729944817	0.003031922091	0.01883249346	0.009840123501	0.0292857059	0.01384524373	0.005719292062	0.00752231201	0.00625861328	0.01098373031	0.003348590591	0.0003397676319	0.003247536299	0.003441461099	0.004822180852	0.0006340176758	0.00303607053	0.005865503569	0.006691219824	0.005330631517	0.006785517728	0.0025922846	0.002410779176	4.48e-20	0.01945942463	0.002017827009	0.01661030538	0.0100619195	0.005005050854
C[Del(T):R(1,4)]G	0.001162878699	0.002257899663	0.003512396487	0.0307127389	0.02935055068	0.003530921371	0.0292973379	0.01908815051	0.005003168977	0.001798402575	0.01597024646	0.01497559719	0.02836863917	0.02094922055	0.01998191936	0.003299996882	0.005489706258	0.008252799197	0.002015135187	6.19e-05	0.002539218902	0.002474030797	0.002312907948	0.0004780190184	0.0008310340954	0.002340164884	0.004971036843	0.005131372916	0.005496248239	0.003138644049	0.001618660816	2.54e-16	0.02095100321	0.00287326701	0.04055556658	0.009287925697	0.004614132294
G[Del(T):R(1,4)]A	0.003483857038	0.001904252902	0.007588848669	0.008867259352	0.005223900551	0.004783720005	0.02198429643	0.0580568903	0.005691182153	0.00171656606	0.008578682172	0.01066577381	0.02505705682	0.008281831408	0.002359497787	0.004860188525	0.007339953999	0.0914870046	0.006983724266	0.001167207354	0.01350306013	0.01370983241	0.006787758442	0.000365609508	0.008512509893	0.002222386771	0.01343606162	0.156874704	0.003574408885	0.003569059068	0.003932552297	0.004395060063	0.0166714375	0.003533374372	0.02935247003	0.00773993808	0.002663882822
G[Del(T):R(1,4)]C	0.00130954442	0.001459970101	0.005383642109	0.007104619057	0.003870076085	0.001762964177	0.0114314668	0.01968829514	0.004094564764	0.001613582585	0.0113805639	0.005812011357	0.02026324075	0.0094987226	0.004670026571	0.003188663376	0.004645801539	0.005985091073	0.004294904755	0.001609915105	0.006908152508	0.009222568297	0.004085809229	0.0007190762768	0.006696367856	0.002876306309	0.003116539808	0.008420237572	0.004994778366	0.001289890252	0.001259793085	0.001838254098	0.01680982406	0.001646905835	6.33e-158	0.004643962848	0.002448866812
G[Del(T):R(1,4)]G	0.001478128723	0.001486779322	0.002990332112	0.01054758673	0.007322293272	0.001936900778	0.015517501	0.02138958829	0.005093517229	0.00161802416	0.009350318253	0.01033231722	0.01132284953	0.0148561222	0.005649207792	0.004059778912	0.004125418386	0.007883635111	0.005119572745	0.0009361333341	0.00511587072	0.007115443836	3.76e-07	0.0005154757819	0.00380573479	0.001567259439	0.002154349327	0.2883805447	0.004139354792	0.002091484646	0.002205722558	0.0009050307232	0.01039080765	0.002145892881	0.01470567439	0.002321981424	0.001117000332
A[Del(T):R(5,7)]A	0.006518093055	0.06864090376	0.03479654509	0.01319955213	0.003406887975	0.008105618018	0.003860914689	0.009420126884	0.007411893773	0.04238524335	0.00665532986	0.00323447981	0.0264341502	0.01621307259	0.009901293134	0.01531153782	0.01158826156	0.01743947082	0.008151386484	0.01257661898	0.1126708195	0.07315220176	0.05365733412	0.008886642858	0.108257654	0.02134043867	0.01048394562	0.008192422911	0.01550883047	0.001842972653	0.005879653465	0.005220354365	0.01265461098	0.002015673518	0.01069530465	0.01238390093	0.01033581022
A[Del(T):R(5,7)]C	0.00361738955	0.04284739638	0.01889384325	0.007538158484	0.002053156131	0.005277542905	0.00377740704	0.01024178501	0.004305773642	0.02107818281	0.004364322879	0.005057796142	0.01677103242	0.01064980914	0.001638882533	0.01264899914	0.00739374532	0.004001041651	0.009008889778	0.009733731467	0.03730590872	0.02853365148	0.04893695943	0.005692051054	0.05403799302	0.01614409058	0.01300490371	0.01104913513	0.007093818197	0.0009250165594	0.002443443134	0.002807991575	0.008545077364	0.001496445941	0.006541658078	0.009287925697	0.004223001288
A[Del(T):R(5,7)]G	0.0009504551155	0.0308063048	0.02080687824	0.00625059094	0.001336808521	0.002208634798	0.002173091886	0.001665946674	0.003756036478	0.0250451377	0.002108859574	0.0005832004906	0.004329033378	0.006756233509	0.0307678024	0.003746805871	0.007635643319	0.002788579872	0.001826558507	0.004139860447	0.04371673307	0.02852573557	0.04371358297	0.002933291408	0.04069071233	0.01111502309	0.002042500799	0.004484339058	0.004814085576	0.0008977642237	0.0008205621173	0.0001674513589	0.007522176117	0.0005611672278	0.003058701164	0.006191950464	0.004086355757
C[Del(T):R(5,7)]A	0.002088392755	0.02566492722	0.01282337964	0.01269958447	0.00344160926	0.005107337546	0.00702079714	0.005999300201	0.002524737891	0.02698869398	0.003556511692	0.002730959723	0.01294155143	0.01299877716	0.003931117229	0.007480047381	0.008224514735	0.006551702552	0.003342346668	0.01265146326	0.03805580029	0.02507744416	0.00161272508	0.004802160942	0.02066281576	0.01191907704	0.007920919666	0.006821278506	0.00926661266	0.002268583677	0.005117218856	0.0004370720569	0.003181482022	0.001204610399	0.007127585725	0.009287925697	0.002626090909
C[Del(T):R(5,7)]C	0.0005521880044	0.02292161219	0.01862890045	0.01106928773	0.002599650616	0.005043559711	0.0004092752256	0.007184935406	0.002124666375	0.02571003949	0.00278614857	0.005423850479	0.01175394278	0.009942097372	0.0008461390918	0.004801659218	0.006344562147	0.001684508003	0.002903839623	0.004536050591	0.03008874822	0.01822604576	0.001261878393	0.00645392218	0.01105837137	0.01638369024	0.008156231536	0.004351205258	0.007668496478	0.003438590408	0.007296366578	0.002954988839	0.006249981973	0.0005055852489	0.003551133434	0.005417956656	0.00681892945
C[Del(T):R(5,7)]G	0.001392423182	0.01757377397	0.0120808041	0.007679555654	0.002616153945	0.002774790303	0.002720766816	0.003314426387	0.002744343326	0.02211733283	0.002660608759	0.002934059317	0.006593432928	0.004559964965	0.002819073947	0.00367754545	0.002587330221	0.0009981565279	0.0008846081445	0.002157899811	0.02409798152	0.01329929887	0.001465600945	0.00440370283	0.004968095853	0.009127624579	0.004685460419	0.002899562502	0.004618110934	0.0007568461933	0.002002279447	0.002087567595	0.003127196978	0.0005611672278	0.002461957579	0.00386996904	0.0008122502626
G[Del(T):R(5,7)]A	0.0005968411643	0.01528517411	0.01691190437	0.005429999095	0.001008652997	0.002496225111	0.004809042975	0.005946522109	0.003349605381	0.01969484059	0.002118537916	0.002799039373	0.01354371193	0.007076641731	0.002018260851	0.004768442754	0.00616198719	0.007423673056	0.003263216993	0.004040320418	0.04319139986	0.02680797103	0.001914984876	0.004693120684	0.01120240684	0.009353023521	0.005488732945	0.008099917779	0.00941528107	0.0007641261539	0.00131851266	0.001077544291	0.005695501336	0.0005611672278	1.65e-90	0.002321981424	0.01202166211
G[Del(T):R(5,7)]C	0.0005962178152	0.01284459127	0.01696339242	0.004336594239	0.0001388034203	0.002963453736	0.002078182127	0.003738523603	0.002111899813	0.01431129815	0.002527675453	0.0005955466554	0.006927552898	0.00491352338	0.002376419372	0.005273009989	0.006970522123	0.002222657151	0.002984740861	0.0021812157	0.01901329342	0.01169812304	0.0009540366673	0.004025233063	0.00667666112	0.009558227686	0.001764149248	0.003430644046	0.004464577149	0.000272504494	0.000541327997	0.0001447560455	0.006577447996	0.0003741114852	0.002068954504	0.002321981424	0.01231958047
G[Del(T):R(5,7)]G	0.0005934577418	0.01051298976	0.01243414247	0.004782664144	0.001655630684	0.001847684654	0.0009454229219	0.003409155415	0.003980727462	0.01269989428	0.00148104118	0.002403275442	0.008059312126	0.006726609112	0.005185077432	0.003380835666	0.003807158626	0.00214659807	0.001508088459	0.001027949051	0.02259454376	0.01402428725	0.0009751205068	0.002622424942	0.00560823655	0.006491267851	0.001114623152	0.006207544219	0.004139754167	0.001203364181	0.001090292346	0.0005298321574	0.003970093978	0.001076188209	0.00410910042	0.001547987616	0.005488016762
A[Del(T):R(8,9)]A	0.008574227983	0.1248472723	0.07378054462	0.0009364597218	0.007523935193	0.01709675279	0.001950496865	0.00331259077	0.002920570893	0.07419138116	0.001616522878	0.001855766174	0.01031981448	0.007793203452	0.005546288611	0.006410863796	0.01722912397	0.005656246666	0.002538748642	0.01411969449	0.07597932964	0.04751249403	0.007256363988	0.02682944098	0.04477428049	0.0415273872	0.008212423165	0.008264026423	0.0153200191	0.1120238036	0.1460301049	0.1010583854	0.0006261856757	0.001210936373	0.01036668766	0.01625386997	0.009574542607
A[Del(T):R(8,9)]C	0.00684565336	0.0921444244	0.06022866714	0.0003255360565	0.003714807674	0.01262795791	0.0001309711024	0.003071609094	0.004004191484	0.04969701715	0.0005206946364	0.005293601856	0.01146877322	0.01597752755	0.001011606943	0.006889383023	0.01414141583	0.001667542555	0.002406004992	0.004307617004	0.04277281397	0.02653715652	0.007821036821	0.0207894508	0.02565342078	0.02996132952	0.00520321945	0.01411342143	0.01959386985	0.0130702334	0.01672334044	0.01099970617	0.002252115187	0.0008379359782	0.003585539729	0.0100619195	0.01455134963
A[Del(T):R(8,9)]G	0.004049231164	0.05366989194	0.02276043179	0.0004651123564	0.003567295583	0.00542439393	2.98e-06	0.0002552111776	0.001038610215	0.03955415492	0.0005543407628	0.0004224932026	0.001295916963	0.003570473989	0.006913686876	0.002074307545	0.00922406237	0.001070089897	0.0002697688797	0.001358067161	0.02647501654	0.01502721865	0.002320186185	0.0131026327	0.01130407448	0.02171138264	0.00650572991	0.009885135309	0.00480835245	0.0785933286	0.1167064674	0.0819631247	0.0009623429509	0.0003741114852	0.001000665638	0.001547987616	0.002938901158
C[Del(T):R(8,9)]A	0.006573759794	0.06487713251	0.03575362129	0.0006980092569	0.006653048389	0.01457641978	0.001043771211	0.0006595525243	0.001040999278	0.06011200167	0.0009323599475	0.0002142685426	0.002325975203	0.01024176839	0.004289472055	0.007624327165	0.0167046814	0.003110869165	0.0007384229026	0.007933689842	0.04014866275	0.02587007397	0.0004581591424	0.01853880803	0.00618479939	0.02816741163	0.006698137367	0.0189091637	0.005626791545	0.05034232622	0.06898492137	0.04016718338	0.0007916209821	0.0007482229704	0.003860261002	0.003095975232	0.01671292714
C[Del(T):R(8,9)]C	0.003003065213	0.07056700086	0.07194586127	0.0006363469331	0.005698006438	0.01624292863	0.005680105352	0.0003106679333	0.001368693083	0.06589209234	0.0005701568058	0.0005468077464	0.00100743659	0.001303679789	0.0007100058618	0.004797398924	0.01805176351	0.001025801938	0.001175119826	0.002443662114	0.0413951607	0.01961177194	0.000719560688	0.02540180579	0.002486626846	0.03072826405	0.0002408205141	0.02207679609	0.01845039471	0.005553366549	0.008878679552	0.00521472772	0.001839539618	0.0001870557426	0.001521620478	0.006965944272	0.01566560849
C[Del(T):R(8,9)]G	0.002663883984	0.0486725916	0.02176172487	0.000126700948	0.005138080618	0.007859667408	0.001437134136	0.0002705744227	0.001009737798	0.05622950849	0.0003158793899	0.000191282411	4.55e-05	2.03e-05	0.004942826111	0.002449269522	0.006201135429	0.001395486619	7.29e-70	0.0009313539676	0.02409711009	0.01343635806	0.0001537310181	0.01350549166	1.23e-30	0.02388147261	0.0004815388661	0.004861055472	0.01005579796	0.04354140521	0.06587270381	0.04228736146	0.001453208423	0.0001870557426	0.004335509722	0.003095975232	6.7e-61
G[Del(T):R(8,9)]A	0.002545984547	0.03922544834	0.02930625853	0.0002104019269	0.002008118087	0.007395988589	0.0002563291927	0.0008324978059	0.0008606312742	0.03759583051	0.0007218420397	0.000128061241	0.002325908935	0.006421134876	0.0008183325667	0.002759152447	0.004794110228	0.001210497602	0.0007000568351	0.005222469832	0.02628136387	0.0157084209	0.002184515694	0.01514235121	0.006226741738	0.01600426469	0.001286996286	0.01200084072	0.01001626812	0.001398881547	0.002419078856	0.003631213886	0.001464573004	0.0001870557426	0.0001940611431	0.004643962848	0.01853322745
G[Del(T):R(8,9)]C	0.001454936864	0.03477811611	0.03108876661	0.0004635090685	0.002770069786	0.005885969566	0.0003390612056	0.001582015116	0.001084826216	0.02843562091	0.0007665164413	0.002060913922	0.002411668512	0.001674481625	0.0008234388414	0.002546732201	0.005082215978	0.001581831661	0.0005713459743	0.001429452751	0.01803165869	0.009844461991	0.0008370498649	0.01222502591	0.001513047726	0.0141428722	0.0004345735463	0.005345721651	0.01107432384	8.76e-08	0.0002024318587	1.15e-23	0.001725309457	0.0003741114852	0.003065926207	0.006191950464	0.01440429487
G[Del(T):R(8,9)]G	0.001544672389	0.02256636144	0.01336368958	5.89e-05	0.00299031395	0.003443272543	0.0008204563992	0.0002604486187	0.0009567280799	0.02453857224	0.000321158265	3.67e-05	0.001002253515	6.78e-05	0.00242438615	0.00106646883	0.003854616662	0.0005367182434	0.0001096037057	0.0009327377412	0.01247466081	0.007291698265	0.0002179125449	0.007640776398	0.0007535562099	0.01063543694	0.0004893550067	0.00179487446	0.002819678993	0.002099435457	0.004688787284	0.004019394827	0.000277031865	0.0001870557426	0.001042725328	0	0.004221004178
Del(2,4):R1	0.004048436528	0.0023987831	0.006429376688	0.0003111787884	0.007126349513	0.04091362796	0.09924322341	0.007980985296	0.005925658008	0.005612293969	0.03565802924	0.01957281046	0.02922416099	0.02515644428	0.03481472731	0.006938619388	0.01076283055	0.01431241197	0.0002870922042	0.0009485495858	0.002949753893	0.0008124905654	0.008748605233	0.005658934213	0.001232219138	0.004372559797	0.01193484145	0.0001123964913	0.005908505074	0.006366562195	0.009661461276	0.04216375941	0.03478606657	0.003367003367	0.03944269454	0.02554179567	0.0005766423922
Del(5,):R1	0.00141122954	0.000353209841	0.003601857413	0.004098407121	0.001706981245	0.009985550597	0.04007489451	0.01315906773	0.05252559706	0.0007560519877	0.2284061849	0.005757863601	0.02379037811	0.001779643827	0.01111580206	0.008528640939	0.0008641530682	0.03569686948	0.0001649774729	0.0003179023525	0.0002083349866	3.31e-222	0.004451320991	0.0002854406932	0.0001747662945	0.0001573210923	0.0102939736	0.001737560262	0.004377295461	0.004247736364	0.006542840971	0.02037844764	0.07237148542	0.004340368389	0.006807399598	0.02012383901	0.00248549574
Del(2,8):U(1,2):R(2,4)	0.007521142237	0.005024424199	0.04006881322	0.02656812011	0.01381280855	0.1473346767	0.05971761153	0.01284124771	0.006720712513	0.004022506275	0.01616297444	0.05079115395	0.01850239872	8.11e-05	0.008906854443	0.0127451504	0.01203921209	0.01046741865	0.0001638558181	0.0004699372195	0.001595085307	1.87e-31	0.01457931669	0.002393483568	0.0002903279569	0.001618738037	0.01704197169	0.007071485076	0.01612085769	0.005632817575	0.01052831557	0.1352784738	0.02084400957	0.002862636836	0.02541703216	0.01702786378	0.001370236229
Del(2,):U(1,2):R(5,9)	0.006058257661	0.006942634282	0.009455993832	0.01516821803	0.002437459057	0.03219738173	0.01419160778	0.004829613472	0.004883232311	0.04124972481	0.005859451229	0.01116669572	0.005002096041	0.03905727163	0.008527942444	0.001111992585	0.004095150261	0.006503673435	0.0003235884623	0.0006319105756	0.0200830037	0.002978269182	0.007238084937	0.006536391018	0.0006042769967	0.004330953135	0.008542751144	0.003772504216	0.002432992535	0.01835003677	0.04176005781	0.05857835906	0.00506105809	0.001488580112	0.004945019621	0.003095975232	0.001761998426
Del(3,):U(3,):R2	0.01028370447	0.004138224476	0.01246838975	0.000598593523	0.002178551283	0.1410684452	0.02786837127	0.01131989364	0.01331708808	0.00058398493	0.001039498784	0.0123266842	0.01529563932	0.06770338791	0.008558910215	0.003138408304	0.002254929506	0.004793987892	2.37e-90	0.0002662996289	0.0002834889099	0.001025143992	0.003506889334	0.002468271166	2.97e-101	8.8e-252	0.01164182637	0.004658055175	0.003849406685	0.0005110518526	0.000944928444	0.002375189932	0.009659264797	0.00374377109	1.6e-12	0.01857585139	0.004828536415
Del(3,):U(3,):R(3,9)	0.002799717422	0.001863218479	0.008834487709	2.01e-06	0.0005999321016	0.04760084238	0.005032647849	0.002327329131	0.003068078704	0.001703343393	0.0001948310819	0.002911225369	0.001681504714	0.02910272623	0.007446844418	4.69e-05	0.001162551443	0.001155364047	0.000119444849	0.0004352147644	0.0005490120867	0.0005681002105	1.24e-06	0.0009055600032	0.0001423928068	0.0001037456837	0.004401691251	0.0003480992097	0.002398860716	0.002302894519	0.002383065521	0.002058023075	0.001860889422	0.0007482229704	0.001658642554	0.004643962848	0.0002951144545
Del(2,5):M1	0.005109328298	0.0015534845	0.01004983654	0.002613769008	0.002579971947	0.06132852899	0.09486916698	0.006876722918	0.009786919376	0.00314317203	0.0327348817	0.02251467419	0.02219454323	0.03570695368	0.007500731638	0.003149799429	0.006871215198	0.008533162269	0.0002103830099	0.0004301975971	0.00117819015	0.0005290306812	0.004725110401	0.006589017313	0.0007886506336	0.001802640586	0.008871323051	0.002702902974	0.00393006739	0.002600463263	0.003277715901	0.0702441818	0.0252179787	0.002244668911	0.01604909585	0.01547987616	5.82e-56
Del(3,5):M2	0.005357957738	0.001482088014	0.008459085736	0.001454928483	0.0009532624352	0.07602819089	0.04550708976	0.003835076603	0.01565532049	0.0009372546672	0.01162998576	0.00893360401	0.01422653396	0.04751536739	0.003663710534	0.0006916633364	0.003166786197	0.004495208657	0.0001429432194	0.0002307939275	0.0004203605312	0.0006369866087	0.003820426006	0.003051168048	0.0002151455717	8.97e-05	0.006356918624	0.005099456381	0.005972746092	0.001518001545	0.001471698917	0.007143479313	0.01167446515	0.002269889724	0.01259198985	0.0100619195	0.002004762176
Del(4,5):M(3,4)	0.003334276689	0.001659781148	0.005697244722	0.0002540314157	0.0003241509837	0.04125482878	0.02053862313	0.005837477534	0.01389668379	0.0003024004204	0.003629141097	0.0001700703121	0.01047749941	0.051277121	0.0055630023	0.003859893787	0.0005373484769	0.0006575934973	1.06e-53	1.15e-56	2.7e-141	0.0006669899398	0.003153879308	0.00013188101	5.91e-48	1.18e-60	0.002343607795	0.003351837707	0.001739628528	0.001854025859	0.002451731712	0.007372947399	0.007209040722	0.001683501684	0.006391560951	0.008513931889	0.002683130778
Del(6,):M1	0.001951822835	0.002008892817	0.008408602871	0.002398780199	0.001697281403	0.003385905865	0.04316977628	0.008320377509	0.07992368482	5.81e-05	0.1673414351	0.002923331885	0.01562921036	0.001293409566	0.004538643675	0.004171825983	0.004134645014	0.02511722817	0.0001193487286	0.0002696638839	7.98e-06	1.3e-239	0.001407408124	0.000112824807	0.0002673037586	6.5e-05	0.0129077716	0.001394821411	0.005577162229	0.003493809025	0.006630555012	0.01700858397	0.05530796718	0.006836301669	0.02399508798	0.006191950464	0.0008534507355
Del(6,):M2	0.001118268704	0.001515329066	0.004151650859	0.001769289952	0.005394999024	0.003403938481	0.0321487966	0.004500984059	0.1714363621	9.94e-06	0.08431122979	0.002873868953	0.005783674882	0.0003986891312	0.000816316908	0.001970155373	0.004795845699	0.01557170422	0.0001592617164	0.0003140116557	2.79e-47	0	0.0002062305885	0.0001645041281	0.0003009379833	2.68e-66	0.001607487062	0.001678100255	0.003507374879	0.001691988011	0.003192446011	3.31e-12	0.02729668878	0.007669285447	0.03897147408	0.02631578947	0
Del(6,):M3	0.0006175896768	0.001099945036	0.001361286933	0.0008265709555	0.002374024055	0.002901481389	0.008614959812	0.001850694121	0.1371096181	3.47e-05	0.02682547305	0.001014053745	0.002729707779	0.003073865105	0.0008493885524	0.0005881050883	0.002802195269	0.008218221925	7.37e-05	0.0001022126144	1.48e-06	0	0.000811581341	0.0001297363011	0.0002836538461	1.32e-05	0.001411984101	0.0001223793196	0.0006666241033	0.001418923139	0.002267012601	3.3e-08	0.01236300723	0.006954748258	0.01937268186	0.02244582043	0.0008783548902
Del(6,):M(4,)	0.001958877794	0.002233428247	0.002577065403	0.0002462026218	0.003130539225	0.006045252241	0.0004052771383	0.004844419664	0.1611909823	8.52e-06	0.02278688889	0.0018996983	0.002320028705	0.004211046818	0.002571000243	0.006249202683	0.001750148947	0.01779104632	6.72e-05	0.0001107344061	0	0	0.0006493327243	0.0001783648068	0	6.59e-151	0.009958440514	0.0009575031827	0.003916666734	0.002156315712	0.003257616672	0.00274665898	0.008547517864	0.009755169065	0.02023209629	0.02244582043	0.0008053827488
Complex	0.0002498177537	0.0001000748721	0.002613180916	0.001368593174	0.002059938876	0.001951419402	2.58e-24	0.003836828903	0.05915042611	0.0007087065845	0.01248741649	0.00622438132	0.003190606845	2.57e-05	0.04610131538	0.000635269839	0.006475000333	0.006958773454	0.0003944492093	0.001347276672	0.0002885091028	0.0002138680084	0.0003157232367	0.001355733772	0.001696841232	0.0005236544522	0.0008242336704	0.00303187035	0.000660336958	0.002286232993	0.002882739282	0.006608893394	0.009228287911	0.003179947624	2.4e-33	0.01083591331	0.005042687458
